<?xml version="1.0" encoding="utf-8" ?>
<dwsync>
<file name="senac-logo-0.png" server="ftp.senacchat.com.br/httpdocs/" local="133349347630000000" remote="133352772000000000" Dst="0" />
<file name="pfp.png" server="ftp.senacchat.com.br/httpdocs/" local="133349347630000000" remote="133352772000000000" Dst="0" />
<file name="senac-logo-0 shareicon.png" server="ftp.senacchat.com.br/httpdocs/" local="133349347630000000" remote="133352772000000000" Dst="0" />
<file name="perry.jpg" server="ftp.senacchat.com.br/httpdocs/" local="133349347630000000" remote="133352772000000000" Dst="0" />
<file name="tech.jpg" server="ftp.senacchat.com.br/httpdocs/" local="133350276800000000" remote="133352772000000000" Dst="0" />
<file name="vendingmachine.jpg" server="ftp.senacchat.com.br/httpdocs/" local="133350276800000000" remote="133352772000000000" Dst="0" />
<file name="senac-logo-0.png" server="C:/xampp/htdocs/Projeto/" local="133349347630000000" remote="133349347630000000" Dst="0" />
<file name="pfp.png" server="C:/xampp/htdocs/Projeto/" local="133350276800000000" remote="133350276800000000" Dst="0" />
<file name="senac-logo-0 shareicon.png" server="C:/xampp/htdocs/Projeto/" local="133349347630000000" remote="133349347630000000" Dst="0" />
<file name="tech.jpg" server="C:/xampp/htdocs/Projeto/" local="133350276800000000" remote="133350276800000000" Dst="0" />
<file name="vendingmachine.jpg" server="C:/xampp/htdocs/Projeto/" local="133350276800000000" remote="133350276800000000" Dst="0" />
</dwsync>