<?xml version="1.0" encoding="utf-8" ?>
<dwsync>
<file name="aula-biologia.jpg" server="ftp.senacchat.com.br/httpdocs/" local="133349347630000000" remote="133352772000000000" Dst="0" />
<file name="ideia.jpg" server="ftp.senacchat.com.br/httpdocs/" local="133349347630000000" remote="133352772000000000" Dst="0" />
<file name="aula-geografia.jpg" server="ftp.senacchat.com.br/httpdocs/" local="133349347630000000" remote="133352772000000000" Dst="0" />
<file name="camaleao.jpg" server="ftp.senacchat.com.br/httpdocs/" local="133349347630000000" remote="133352772000000000" Dst="0" />
<file name="estudando1.jpg" server="ftp.senacchat.com.br/httpdocs/" local="133349347630000000" remote="133352772000000000" Dst="0" />
<file name="estudando2.jpg" server="ftp.senacchat.com.br/httpdocs/" local="133349347630000000" remote="133352772000000000" Dst="0" />
<file name="aula-biologia.jpg" server="C:/xampp/htdocs/Projeto" local="133349347630000000" remote="133349347630000000" Dst="0" />
<file name="ideia.jpg" server="C:/xampp/htdocs/Projeto" local="133349347630000000" remote="133349347630000000" Dst="0" />
<file name="aula-biologia.jpg" server="C:/xampp/htdocs/Projeto/" local="133349347630000000" remote="133349347630000000" Dst="0" />
<file name="ideia.jpg" server="C:/xampp/htdocs/Projeto/" local="133349347630000000" remote="133349347630000000" Dst="0" />
<file name="tech.jpg" server="ftp.senacchat.com.br/httpdocs/" local="133349347630000000" remote="133352772000000000" Dst="0" />
<file name="vendingmachine.jpg" server="ftp.senacchat.com.br/httpdocs/" local="133349347630000000" remote="133352772000000000" Dst="0" />
</dwsync>